Produto;Custo;Preco
Carne Picanha Premium 1kg;78.00;98.50
Cerveja Artesanal IPA;14.50;18.50
Queijo Brie Importado;45.00;56.90
Fralda Pampers Super Mega;70.00;90.50
Leite Ninho Pó 400g;16.50;21.00
Detergente Ypê (Fardo);19.50;26.50
Café Gourmet Torrado;26.00;34.50
Vinho Chileno Reserva;39.00;51.00
Chocolate Lindt 100g;21.00;27.50
Peito de Peru Defumado 1kg;52.00;65.50
Shampoo Pantene 400ml;18.50;23.50
Papel Higiênico Neve 12R;22.00;29.90
Sabão Líquido Ariel 3L;39.00;49.50
Amaciante Downy 1.5L;19.00;24.50
Margarina Qualy 500g;6.50;8.90
Refrigerante Coca-Cola 2L;7.50;10.50
Suco Natural de Laranja 1L;12.50;15.90
Cápsulas Nespresso (Caixa);26.00;33.50
Ração Pedigree 15kg;110.00;143.50